{
    "connection": 0,
    "q(0,0)": 0.002000000095,
    "q(0,1)": 0,
    "q(1,0)": 0,
    "q(1,1)": 0.1000000015,
    "r(0,0)": 100,
    "r(0,1)": 0,
    "r(1,0)": 0,
    "r(1,1)": 0.009999999776,
    "imuHowOften": 1,
    "left-strain": {
        "offset": 0,
        "coef": -0.000367965609742472,
        "temp-test": 24.25,
        "temp-coef": 0
    },
    "right-strain": {
        "offset": 0,
        "coef": 0.0002246571016720624,
        "temp-test": 24.25,
        "temp-coef": 0
    },
    "mqtt": {
        "length": 20
    }
}