{
    "connection": 0,
    "kalman": {
        "Q": [
            [
                0.002000000095,
                0
            ],
            [
                0,
                0.1000000015
            ]
        ],
        "R": [
            [
                100,
                0
            ],
            [
                0,
                0.009999999776
            ]
        ]
    },
    "imuHowOften": 1,
    "sleep-time": 0,
    "left-strain": {
        "offset": 0,
        "coef": -0.00040763281162742694,
        "temp-test": 24.25,
        "temp-coef": 0
    },
    "right-strain": {
        "offset": 0,
        "coef": 0.00023426676245480286,
        "temp-test": 24.25,
        "temp-coef": 0
    },
    "mqtt": {
        "length": 50,
        "broker": "koyuga.local"
    },
    "wifi": {
        "ssid": "",
        "psk": "",
        "redacted": true
    }
}

